goout,Map,K&K,"that_be_in_fr",https://www.google.com/maps/d/edit?mid=1dV3HN2QWCN-pVUC98kwS97TQG7Hvi8RF&usp=sharing
relax,Essay,aâ€¿a,"çŸ¥ã‚‰ãªã„ã¨ã“ã‚ a place i don't know",https://newlifecollection.com/ca89/1185/p0-r89-s/
relax,Essay,aâ€¿a,"é•·ã„æ•£æ­©ã€€a long walk",https://newlifecollection.com/ca89/1181/p0-r89-s/
goout,Essay,aâ€¿a,"727",https://newlifecollection.com/ca89/1152/p-r89-s/
relax,Essay,KN,"é ãã‚’è¦‹ã‚‹",https://newlifecollection.com/ca89/1151/p-r89-s/
relax,Essay,ğŸ´,"æœˆæ›œã®æœã«",https://newlifecollection.com/ca89/375/p-r89-s/
goout,Essay,ğŸ´,"ã‚´ãƒŸã¨å‹•ç‰©",https://newlifecollection.com/ca89/374/p1-r89-s/
goout,Essay,KN,"ç´°ã„é“",https://newlifecollection.com/ca89/37/p1-r89-s/
goout,PDF,ğŸ´&KN,"æ–°é³çœŸã¨ä¸Šæµ·",/map/members/with/xinjianzhen.pdf
relax,PDF,aâ€¿a,"é…ãã¾ã§ç©ºã„ã¦ã‚‹ãƒ—ãƒ¼ãƒ« å¤§é˜ªç‰ˆ",/map/members/with/osakapoolmap.pdf
goout,PDF,ğŸ´,"ã„ã¤ã‚‚ã¨é•ã†é“ã‚’é€šã‚‹ Going the other way than usual",/map/members/with/essay.pdf
